{
    "kind": "youtube#playlistItemListResponse",
    "etag": "0mrCC424Y8gV_cSZq8oNdKX1ljs",
    "nextPageToken": "EAAaBlBUOkNBVQ",
    "items": [
      {
        "kind": "youtube#playlistItem",
        "etag": "9DLdkaFqCaXw6UrCtg83ehBB-Fs",
        "id": "UExCbG5LNmZFeXFSaDZpc0owMU1CbmJOcFYzWnNrdFN5Uy41NkI0NEY2RDEwNTU3Q0M2",
        "snippet": {
          "publishedAt": "2021-05-01T10:19:18Z",
          "channelId": "UCQYMhOMi_Cdj1CEAU-fv80A",
          "title": "Introduction to C++ Programming",
          "description": "C++ Programming: Introduction\nTopics discussed:\n1. Basic introduction to C++.\n2. C++: An extension of C.\n3. Prerequisites. \n4. Syllabus to be covered in the course.\n5. Target audience.\n\nFollow Neso Academy on Instagram: @nesoacademy (https://bit.ly/2XP63OE)\nFollow me on Instagram: @jaiz_itech (https://bit.ly/2M3xyOa)\n\nContribute: http://www.nesoacademy.org/donate\n\nMemberships: https://bit.ly/2U7YSPI\n\nBooks: http://www.nesoacademy.org/recommended-books\n\nWebsite ► http://www.nesoacademy.org/\nForum ► http://forum.nesoacademy.org/\nFacebook ► https://goo.gl/Nt0PmB\nTwitter      ► https://twitter.com/nesoacademy\n\nMusic:\nAxol x Alex Skrindo - You [NCS Release]\n\n#CPPByNeso #CPP #IntroductionToCPP",
          "url": "https://i.ytimg.com/vi/s0g4ty29Xgg/default.jpg",
          "thumbnails": {
            "default": {
              "url": "https://i.ytimg.com/vi/s0g4ty29Xgg/default.jpg",
              "width": 120,
              "height": 90
            },
            "medium": {
              "url": "https://i.ytimg.com/vi/s0g4ty29Xgg/mqdefault.jpg",
              "width": 320,
              "height": 180
            },
            "high": {
              "url": "https://i.ytimg.com/vi/s0g4ty29Xgg/hqdefault.jpg",
              "width": 480,
              "height": 360
            },
            "standard": {
              "url": "https://i.ytimg.com/vi/s0g4ty29Xgg/sddefault.jpg",
              "width": 640,
              "height": 480
            },
            "maxres": {
              "url": "https://i.ytimg.com/vi/s0g4ty29Xgg/maxresdefault.jpg",
              "width": 1280,
              "height": 720
            }
          },
          "channelTitle": "Neso Academy",
          "playlistId": "PLBlnK6fEyqRh6isJ01MBnbNpV3ZsktSyS",
          "position": 0,
          "resourceId": {
            "kind": "youtube#video",
            "videoId": "s0g4ty29Xgg"
          },
          "videoOwnerChannelTitle": "Neso Academy",
          "videoOwnerChannelId": "UCQYMhOMi_Cdj1CEAU-fv80A"
        }
      },
      {
        "kind": "youtube#playlistItem",
        "etag": "n4TMnT0AyiNNDsY9dDIu7qUW5Yk",
        "id": "UExCbG5LNmZFeXFSaDZpc0owMU1CbmJOcFYzWnNrdFN5Uy4yODlGNEE0NkRGMEEzMEQy",
        "snippet": {
          "publishedAt": "2021-05-03T11:21:31Z",
          "channelId": "UCQYMhOMi_Cdj1CEAU-fv80A",
          "title": "Writing a Simple C++ Program",
          "description": "C++ Programming: Writing a Simple C++ Program\nTopics discussed:\n1. Basic introduction to the ‘main’ function.\n2. Elements of a function definition.\n3. An example of a complete C++ Program.\n4. Introduction to the concept of “Types”.\n\nFollow Neso Academy on Instagram: @nesoacademy (https://bit.ly/2XP63OE)\nFollow me on Instagram: @jaiz_itech (https://bit.ly/2M3xyOa)\n\nContribute: http://www.nesoacademy.org/donate\n\nMemberships: https://bit.ly/2U7YSPI\n\nBooks: http://www.nesoacademy.org/recommended-books\n\nWebsite ► http://www.nesoacademy.org/\nForum ► http://forum.nesoacademy.org/\nFacebook ► https://goo.gl/Nt0PmB\nTwitter      ► https://twitter.com/nesoacademy\n\nMusic:\nAxol x Alex Skrindo - You [NCS Release]\n\n#CPPByNeso #CPP #SimpleCPPProgram",
          "thumbnails": {
            "default": {
              "url": "https://i.ytimg.com/vi/imNlJohlLPk/default.jpg",
              "width": 120,
              "height": 90
            },
            "medium": {
              "url": "https://i.ytimg.com/vi/imNlJohlLPk/mqdefault.jpg",
              "width": 320,
              "height": 180
            },
            "high": {
              "url": "https://i.ytimg.com/vi/imNlJohlLPk/hqdefault.jpg",
              "width": 480,
              "height": 360
            },
            "standard": {
              "url": "https://i.ytimg.com/vi/imNlJohlLPk/sddefault.jpg",
              "width": 640,
              "height": 480
            },
            "maxres": {
              "url": "https://i.ytimg.com/vi/imNlJohlLPk/maxresdefault.jpg",
              "width": 1280,
              "height": 720
            }
          },
          "channelTitle": "Neso Academy",
          "playlistId": "PLBlnK6fEyqRh6isJ01MBnbNpV3ZsktSyS",
          "position": 1,
          "resourceId": {
            "kind": "youtube#video",
            "videoId": "imNlJohlLPk"
          },
          "videoOwnerChannelTitle": "Neso Academy",
          "videoOwnerChannelId": "UCQYMhOMi_Cdj1CEAU-fv80A"
        }
      },
      {
        "kind": "youtube#playlistItem",
        "etag": "FWP7oLQjc5JUU-ZYtkZz_42VKBE",
        "id": "UExCbG5LNmZFeXFSaDZpc0owMU1CbmJOcFYzWnNrdFN5Uy4wMTcyMDhGQUE4NTIzM0Y5",
        "snippet": {
          "publishedAt": "2021-05-05T16:12:11Z",
          "channelId": "UCQYMhOMi_Cdj1CEAU-fv80A",
          "title": "Installing Source Code Editor and Compiler",
          "description": "C++ Programming: Installing Source Code Editor and Compiler\nTopics Discussed:\n1. Tools required for writing, compiling & running C++ programs.\n2. Installing Visual Studio Code (Source Code Editor).\n3. Installing the C++ extension in Visual Studio Code.\n4. Installing MinGW (Compiler).\n5. Setting the PATH entry for MinGW.\n6. Verifying the installations.\n\nLinks:\n1. Visual Studio Code download:\nhttps://code.visualstudio.com/\n2. MinGW download:\nhttps://sourceforge.net/projects/mingw-w64/\n3. MinGW full installation guidelines:\nhttps://code.visualstudio.com/docs/languages/cpp#_example-install-mingwx64\n\nFollow Neso Academy on Instagram: @nesoacademy (https://bit.ly/2XP63OE)\nFollow me on Instagram: @jaiz_itech (https://bit.ly/2M3xyOa)\n\nContribute: http://www.nesoacademy.org/donate\n\nMemberships: https://bit.ly/2U7YSPI\n\nBooks: http://www.nesoacademy.org/recommended-books\n\nWebsite ► http://www.nesoacademy.org/\nForum ► http://forum.nesoacademy.org/\nFacebook ► https://goo.gl/Nt0PmB\nTwitter      ► https://twitter.com/nesoacademy\n\nMusic:\nAxol x Alex Skrindo - You [NCS Release]\n\n#CPPByNeso #CPP #VisualStudioCode #MinGW",
          "thumbnails": {
            "default": {
              "url": "https://i.ytimg.com/vi/cnMziyeusQk/default.jpg",
              "width": 120,
              "height": 90
            },
            "medium": {
              "url": "https://i.ytimg.com/vi/cnMziyeusQk/mqdefault.jpg",
              "width": 320,
              "height": 180
            },
            "high": {
              "url": "https://i.ytimg.com/vi/cnMziyeusQk/hqdefault.jpg",
              "width": 480,
              "height": 360
            },
            "standard": {
              "url": "https://i.ytimg.com/vi/cnMziyeusQk/sddefault.jpg",
              "width": 640,
              "height": 480
            },
            "maxres": {
              "url": "https://i.ytimg.com/vi/cnMziyeusQk/maxresdefault.jpg",
              "width": 1280,
              "height": 720
            }
          },
          "channelTitle": "Neso Academy",
          "playlistId": "PLBlnK6fEyqRh6isJ01MBnbNpV3ZsktSyS",
          "position": 2,
          "resourceId": {
            "kind": "youtube#video",
            "videoId": "cnMziyeusQk"
          },
          "videoOwnerChannelTitle": "Neso Academy",
          "videoOwnerChannelId": "UCQYMhOMi_Cdj1CEAU-fv80A"
        }
      },
      {
        "kind": "youtube#playlistItem",
        "etag": "cwUKfND0DdFcfJv54I8zYD3TJms",
        "id": "UExCbG5LNmZFeXFSaDZpc0owMU1CbmJOcFYzWnNrdFN5Uy41MjE1MkI0OTQ2QzJGNzNG",
        "snippet": {
          "publishedAt": "2021-05-09T16:38:50Z",
          "channelId": "UCQYMhOMi_Cdj1CEAU-fv80A",
          "title": "Compiling & Executing C++ Programs (Windows CMD)",
          "description": "C++ Programming: Compiling & Executing C++ Programs (Windows CMD)\nTopics discussed:\n1. What is the Compilation of a program.\n2. Steps for compiling and executing C++ programs via the Windows Command Prompt (CMD).\n\nFollow Neso Academy on Instagram: @nesoacademy (https://bit.ly/2XP63OE)\nFollow me on Instagram: @jaiz_itech (https://bit.ly/2M3xyOa)\n\nContribute: http://www.nesoacademy.org/donate\n\nMemberships: https://bit.ly/2U7YSPI\n\nBooks: http://www.nesoacademy.org/recommended-books\n\nWebsite ► http://www.nesoacademy.org/\nForum ► http://forum.nesoacademy.org/\nFacebook ► https://goo.gl/Nt0PmB\nTwitter      ► https://twitter.com/nesoacademy\n\nMusic:\nAxol x Alex Skrindo - You [NCS Release]\n\n#CPPByNeso #CPP #CompilingCPPPrograms #ExecutingCPPPrograms",
          "thumbnails": {
            "default": {
              "url": "https://i.ytimg.com/vi/BdnpFbODLc0/default.jpg",
              "width": 120,
              "height": 90
            },
            "medium": {
              "url": "https://i.ytimg.com/vi/BdnpFbODLc0/mqdefault.jpg",
              "width": 320,
              "height": 180
            },
            "high": {
              "url": "https://i.ytimg.com/vi/BdnpFbODLc0/hqdefault.jpg",
              "width": 480,
              "height": 360
            },
            "standard": {
              "url": "https://i.ytimg.com/vi/BdnpFbODLc0/sddefault.jpg",
              "width": 640,
              "height": 480
            },
            "maxres": {
              "url": "https://i.ytimg.com/vi/BdnpFbODLc0/maxresdefault.jpg",
              "width": 1280,
              "height": 720
            }
          },
          "channelTitle": "Neso Academy",
          "playlistId": "PLBlnK6fEyqRh6isJ01MBnbNpV3ZsktSyS",
          "position": 3,
          "resourceId": {
            "kind": "youtube#video",
            "videoId": "BdnpFbODLc0"
          },
          "videoOwnerChannelTitle": "Neso Academy",
          "videoOwnerChannelId": "UCQYMhOMi_Cdj1CEAU-fv80A"
        }
      },
      {
        "kind": "youtube#playlistItem",
        "etag": "vD48H4VLuAkWXRam4rLMXxkAES4",
        "id": "UExCbG5LNmZFeXFSaDZpc0owMU1CbmJOcFYzWnNrdFN5Uy4wOTA3OTZBNzVEMTUzOTMy",
        "snippet": {
          "publishedAt": "2021-05-15T15:09:52Z",
          "channelId": "UCQYMhOMi_Cdj1CEAU-fv80A",
          "title": "Compiling & Executing C++ Programs (VS Code)",
          "description": "C++ Programming: Compiling & Executing C++ Programs (VS Code)\nTopics discussed:\n1. Compilation of programs.\n2. Steps for compiling and executing C++ programs via Visual Studio Code (VS Code) using two methods.\n\nFollow Neso Academy on Instagram: @nesoacademy (https://bit.ly/2XP63OE)\nFollow me on Instagram: @jaiz_itech (https://bit.ly/2M3xyOa)\n\nContribute: http://www.nesoacademy.org/donate\n\nMemberships: https://bit.ly/2U7YSPI\n\nBooks: http://www.nesoacademy.org/recommended-books\n\nWebsite ► http://www.nesoacademy.org/\nForum ► http://forum.nesoacademy.org/\nFacebook ► https://goo.gl/Nt0PmB\nTwitter      ► https://twitter.com/nesoacademy\n\nMusic:\nAxol x Alex Skrindo - You [NCS Release]\n\n#CPPByNeso #CPP #CompilingCPPPrograms #ExecutingCPPPrograms",
          "thumbnails": {
            "default": {
              "url": "https://i.ytimg.com/vi/m2FtsEvlmCA/default.jpg",
              "width": 120,
              "height": 90
            },
            "medium": {
              "url": "https://i.ytimg.com/vi/m2FtsEvlmCA/mqdefault.jpg",
              "width": 320,
              "height": 180
            },
            "high": {
              "url": "https://i.ytimg.com/vi/m2FtsEvlmCA/hqdefault.jpg",
              "width": 480,
              "height": 360
            },
            "standard": {
              "url": "https://i.ytimg.com/vi/m2FtsEvlmCA/sddefault.jpg",
              "width": 640,
              "height": 480
            },
            "maxres": {
              "url": "https://i.ytimg.com/vi/m2FtsEvlmCA/maxresdefault.jpg",
              "width": 1280,
              "height": 720
            }
          },
          "channelTitle": "Neso Academy",
          "playlistId": "PLBlnK6fEyqRh6isJ01MBnbNpV3ZsktSyS",
          "position": 4,
          "resourceId": {
            "kind": "youtube#video",
            "videoId": "m2FtsEvlmCA"
          },
          "videoOwnerChannelTitle": "Neso Academy",
          "videoOwnerChannelId": "UCQYMhOMi_Cdj1CEAU-fv80A"
        }
      }
    ],
    "pageInfo": {
      "totalResults": 39,
      "resultsPerPage": 5
    }
  }
  