{
  "kind": "youtube#playlistItemListResponse",
  "etag": "tQWtyTnuuDJZ_9q87LuIQI3lwow",
  "nextPageToken": "EAAaBlBUOkNBVQ",
  "items": [
    {
      "kind": "youtube#playlistItem",
      "etag": "se7RGycX34hZoScsH2YsgZNxQBc",
      "id": "UExCbG5LNmZFeXFSaktBX051SzltSG1sazBkWnp1UDFQNS41NkI0NEY2RDEwNTU3Q0M2",
      "snippet": {
        "publishedAt": "2019-11-22T18:41:17Z",
        "channelId": "UCQYMhOMi_Cdj1CEAU-fv80A",
        "title": "Why take this Java Course?",
        "description": "Java Programming: The reasons to take the Java Programming course by Neso Academy\nTopics discussed:\n1) The target audience for the Java Programming course.\n2) Syllabus of the Java Programming course.\n3) The course structure of the Java Programming course.\n4) Why should we learn Java?\n\nFollow Neso Academy on Instagram: @nesoacademy (https://bit.ly/2XP63OE)\n\nContribute: http://www.nesoacademy.org/donate\n\nMemberships: https://bit.ly/2U7YSPI\n\nBooks: http://www.nesoacademy.org/recommended-books\n\nWebsite ► http://www.nesoacademy.org/\nForum ► https://forum.nesoacademy.org/\nFacebook ► https://goo.gl/Nt0PmB\nTwitter      ► https://twitter.com/nesoacademy\n\nMusic:\nAxol x Alex Skrindo - You [NCS Release]\n\n#JavaByNeso #JavaProgramming",
        "url": "https://i.ytimg.com/vi/VHbSopMyc4M/default.jpg",
        "thumbnails": {
          "default": {
            "url": "https://i.ytimg.com/vi/VHbSopMyc4M/default.jpg",
            "width": 120,
            "height": 90
          },
          "medium": {
            "url": "https://i.ytimg.com/vi/VHbSopMyc4M/mqdefault.jpg",
            "width": 320,
            "height": 180
          },
          "high": {
            "url": "https://i.ytimg.com/vi/VHbSopMyc4M/hqdefault.jpg",
            "width": 480,
            "height": 360
          },
          "standard": {
            "url": "https://i.ytimg.com/vi/VHbSopMyc4M/sddefault.jpg",
            "width": 640,
            "height": 480
          },
          "maxres": {
            "url": "https://i.ytimg.com/vi/VHbSopMyc4M/maxresdefault.jpg",
            "width": 1280,
            "height": 720
          }
        },
        "channelTitle": "Neso Academy",
        "playlistId": "PLBlnK6fEyqRjKA_NuK9mHmlk0dZzuP1P5",
        "position": 0,
        "resourceId": {
          "kind": "youtube#video",
          "videoId": "VHbSopMyc4M"
        },
        "videoOwnerChannelTitle": "Neso Academy",
        "videoOwnerChannelId": "UCQYMhOMi_Cdj1CEAU-fv80A"
      }
    },
    {
      "kind": "youtube#playlistItem",
      "etag": "RvrbnnbRfGjtX9Y_ot5cQKcHDLs",
      "id": "UExCbG5LNmZFeXFSaktBX051SzltSG1sazBkWnp1UDFQNS4yODlGNEE0NkRGMEEzMEQy",
      "snippet": {
        "publishedAt": "2019-11-22T18:53:00Z",
        "channelId": "UCQYMhOMi_Cdj1CEAU-fv80A",
        "title": "Programs and Programming Languages",
        "description": "Java Programming: Programs and Programming Languages\nTopics discussed:\n1) Programs & programming languages.\n2) Machine language.\n3) Assembly language.\n4) High-level language.\n\nFollow Neso Academy on Instagram: @nesoacademy (https://bit.ly/2XP63OE)\n\nContribute: http://www.nesoacademy.org/donate\n\nMemberships: https://bit.ly/2U7YSPI\n\nBooks: http://www.nesoacademy.org/recommended-books\n\nWebsite ► http://www.nesoacademy.org/\nForum ► https://forum.nesoacademy.org/\nFacebook ► https://goo.gl/Nt0PmB\nTwitter      ► https://twitter.com/nesoacademy\n\nMusic:\nAxol x Alex Skrindo - You [NCS Release]\n\n#JavaByNeso #JavaProgramming #ProgrammingLanguage",
        "thumbnails": {
          "default": {
            "url": "https://i.ytimg.com/vi/-C88r0niLQQ/default.jpg",
            "width": 120,
            "height": 90
          },
          "medium": {
            "url": "https://i.ytimg.com/vi/-C88r0niLQQ/mqdefault.jpg",
            "width": 320,
            "height": 180
          },
          "high": {
            "url": "https://i.ytimg.com/vi/-C88r0niLQQ/hqdefault.jpg",
            "width": 480,
            "height": 360
          },
          "standard": {
            "url": "https://i.ytimg.com/vi/-C88r0niLQQ/sddefault.jpg",
            "width": 640,
            "height": 480
          },
          "maxres": {
            "url": "https://i.ytimg.com/vi/-C88r0niLQQ/maxresdefault.jpg",
            "width": 1280,
            "height": 720
          }
        },
        "channelTitle": "Neso Academy",
        "playlistId": "PLBlnK6fEyqRjKA_NuK9mHmlk0dZzuP1P5",
        "position": 1,
        "resourceId": {
          "kind": "youtube#video",
          "videoId": "-C88r0niLQQ"
        },
        "videoOwnerChannelTitle": "Neso Academy",
        "videoOwnerChannelId": "UCQYMhOMi_Cdj1CEAU-fv80A"
      }
    },
    {
      "kind": "youtube#playlistItem",
      "etag": "cbNm2pM9yET0811yA-0ESAgBC8I",
      "id": "UExCbG5LNmZFeXFSaktBX051SzltSG1sazBkWnp1UDFQNS4wMTcyMDhGQUE4NTIzM0Y5",
      "snippet": {
        "publishedAt": "2019-11-24T14:08:21Z",
        "channelId": "UCQYMhOMi_Cdj1CEAU-fv80A",
        "title": "Introduction to Java Programming",
        "description": "Java Programming: Introduction to Java Programming\nTopics discussed:\n1. About Java.\n2. Java Language Specification.\n3. API.\n4. Editions of Java.\n5. IDE.\n\nFollow Neso Academy on Instagram: @nesoacademy (https://bit.ly/2XP63OE)\n\nContribute: http://www.nesoacademy.org/donate\n\nMemberships: https://bit.ly/2U7YSPI\n\nBooks: http://www.nesoacademy.org/recommended-books\n\nWebsite ► http://www.nesoacademy.org/\nForum ► https://forum.nesoacademy.org/\nFacebook ► https://goo.gl/Nt0PmB\nTwitter      ► https://twitter.com/nesoacademy\n\nMusic:\nAxol x Alex Skrindo - You [NCS Release]\n\n#JavaByNeso #JavaProgramming",
        "thumbnails": {
          "default": {
            "url": "https://i.ytimg.com/vi/mG4NLNZ37y4/default.jpg",
            "width": 120,
            "height": 90
          },
          "medium": {
            "url": "https://i.ytimg.com/vi/mG4NLNZ37y4/mqdefault.jpg",
            "width": 320,
            "height": 180
          },
          "high": {
            "url": "https://i.ytimg.com/vi/mG4NLNZ37y4/hqdefault.jpg",
            "width": 480,
            "height": 360
          },
          "standard": {
            "url": "https://i.ytimg.com/vi/mG4NLNZ37y4/sddefault.jpg",
            "width": 640,
            "height": 480
          },
          "maxres": {
            "url": "https://i.ytimg.com/vi/mG4NLNZ37y4/maxresdefault.jpg",
            "width": 1280,
            "height": 720
          }
        },
        "channelTitle": "Neso Academy",
        "playlistId": "PLBlnK6fEyqRjKA_NuK9mHmlk0dZzuP1P5",
        "position": 2,
        "resourceId": {
          "kind": "youtube#video",
          "videoId": "mG4NLNZ37y4"
        },
        "videoOwnerChannelTitle": "Neso Academy",
        "videoOwnerChannelId": "UCQYMhOMi_Cdj1CEAU-fv80A"
      }
    },
    {
      "kind": "youtube#playlistItem",
      "etag": "ToMZrvpjzTvwvqRpT6bIY_rK_Vw",
      "id": "UExCbG5LNmZFeXFSaktBX051SzltSG1sazBkWnp1UDFQNS41MjE1MkI0OTQ2QzJGNzNG",
      "snippet": {
        "publishedAt": "2019-11-24T16:01:45Z",
        "channelId": "UCQYMhOMi_Cdj1CEAU-fv80A",
        "title": "Anatomy of Java Program",
        "description": "Java Programming: The Anatomy of Java Program\nTopics discussed:\n1. Classes & Objects.\n2. Methods.\n3. Naming Conventions.\n4. Java Program Structure.\n5. Packages.\n\nFollow Neso Academy on Instagram: @nesoacademy (https://bit.ly/2XP63OE)\n\nContribute: http://www.nesoacademy.org/donate\n\nMemberships: https://bit.ly/2U7YSPI\n\nBooks: http://www.nesoacademy.org/recommended-books\n\nWebsite ► http://www.nesoacademy.org/\nForum ► https://forum.nesoacademy.org/\nFacebook ► https://goo.gl/Nt0PmB\nTwitter      ► https://twitter.com/nesoacademy\n\nMusic:\nAxol x Alex Skrindo - You [NCS Release]\n\n#JavaByNeso #JavaProgramming #JavaProgram",
        "thumbnails": {
          "default": {
            "url": "https://i.ytimg.com/vi/vsxYucdzimA/default.jpg",
            "width": 120,
            "height": 90
          },
          "medium": {
            "url": "https://i.ytimg.com/vi/vsxYucdzimA/mqdefault.jpg",
            "width": 320,
            "height": 180
          },
          "high": {
            "url": "https://i.ytimg.com/vi/vsxYucdzimA/hqdefault.jpg",
            "width": 480,
            "height": 360
          },
          "standard": {
            "url": "https://i.ytimg.com/vi/vsxYucdzimA/sddefault.jpg",
            "width": 640,
            "height": 480
          },
          "maxres": {
            "url": "https://i.ytimg.com/vi/vsxYucdzimA/maxresdefault.jpg",
            "width": 1280,
            "height": 720
          }
        },
        "channelTitle": "Neso Academy",
        "playlistId": "PLBlnK6fEyqRjKA_NuK9mHmlk0dZzuP1P5",
        "position": 3,
        "resourceId": {
          "kind": "youtube#video",
          "videoId": "vsxYucdzimA"
        },
        "videoOwnerChannelTitle": "Neso Academy",
        "videoOwnerChannelId": "UCQYMhOMi_Cdj1CEAU-fv80A"
      }
    },
    {
      "kind": "youtube#playlistItem",
      "etag": "KQebD3y0oP6Iy2unGFZnR9k6ktQ",
      "id": "UExCbG5LNmZFeXFSaktBX051SzltSG1sazBkWnp1UDFQNS4wOTA3OTZBNzVEMTUzOTMy",
      "snippet": {
        "publishedAt": "2019-11-25T13:11:50Z",
        "channelId": "UCQYMhOMi_Cdj1CEAU-fv80A",
        "title": "Displaying Messages in Java",
        "description": "Java Programming: Displaying Messages in Java\nTopics discussed:\n1. Strings in Java.\n2. println() & print() methods in Java.\n3. System Class in Java.\n\nFollow Neso Academy on Instagram: @nesoacademy (https://bit.ly/2XP63OE)\n\nContribute: http://www.nesoacademy.org/donate\n\nMemberships: https://bit.ly/2U7YSPI\n\nBooks: http://www.nesoacademy.org/recommended-books\n\nWebsite ► http://www.nesoacademy.org/\nForum ► https://forum.nesoacademy.org/\nFacebook ► https://goo.gl/Nt0PmB\nTwitter      ► https://twitter.com/nesoacademy\n\nMusic:\nAxol x Alex Skrindo - You [NCS Release]\n\n#JavaByNeso #JavaProgramming #DisplayingMessagesInJava",
        "thumbnails": {
          "default": {
            "url": "https://i.ytimg.com/vi/ifirpBZLeCk/default.jpg",
            "width": 120,
            "height": 90
          },
          "medium": {
            "url": "https://i.ytimg.com/vi/ifirpBZLeCk/mqdefault.jpg",
            "width": 320,
            "height": 180
          },
          "high": {
            "url": "https://i.ytimg.com/vi/ifirpBZLeCk/hqdefault.jpg",
            "width": 480,
            "height": 360
          },
          "standard": {
            "url": "https://i.ytimg.com/vi/ifirpBZLeCk/sddefault.jpg",
            "width": 640,
            "height": 480
          },
          "maxres": {
            "url": "https://i.ytimg.com/vi/ifirpBZLeCk/maxresdefault.jpg",
            "width": 1280,
            "height": 720
          }
        },
        "channelTitle": "Neso Academy",
        "playlistId": "PLBlnK6fEyqRjKA_NuK9mHmlk0dZzuP1P5",
        "position": 4,
        "resourceId": {
          "kind": "youtube#video",
          "videoId": "ifirpBZLeCk"
        },
        "videoOwnerChannelTitle": "Neso Academy",
        "videoOwnerChannelId": "UCQYMhOMi_Cdj1CEAU-fv80A"
      }
    }
  ],
  "pageInfo": {
    "totalResults": 129,
    "resultsPerPage": 5
  }
}