{
    "kind": "youtube#playlistItemListResponse",
    "etag": "WnGz481d2Z66MfQqve2TV9xs3kc",
    "nextPageToken": "EAAaBlBUOkNBVQ",
    "items": [
      {
        "kind": "youtube#playlistItem",
        "etag": "lWqF99ZMbWDqua2u3pxDLzQ5l0Y",
        "id": "UExzeWVvYnpXeGw3cm9vSkZaaGMzcVBMd1ZST292R0NmaC45NzUwQkI1M0UxNThBMkU0",
        "snippet": {
          "publishedAt": "2017-05-22T15:09:47Z",
          "channelId": "UC59K-uG2A5ogwIrHw4bmlEg",
          "title": "#0 Kotlin Tutorial | Welcome",
          "description": "Introduction video for Kotlin. \nStay tuned for whole series of Kotlin Tutorials.\nKotlin has been declared as a first language of android.\nBut this doesn't mean Java is no more in picture. Kotlin has been added to the languages used in android , it has not replaced it. \nI would recommend beginners for android to start coding with kotlin because future jobs would be more  based on kotlin.\nCurrent version of Kotlin - 1.1.2/April 25, 2017\n\nComplete Series : https://goo.gl/UvHW5S\n\nOfficial website for Kotlin : kotlinlang.org\n\nPre-requisites for the course : Core Java Basics\n\nTrainer: Navin Reddy\n\nCheck out our website: http://www.telusko.com\n\nFollow Telusko on Twitter: https://twitter.com/navinreddy20\n\nFollow on Facebook: \nTelusko : https://www.facebook.com/teluskolearnings\nNavin Reddy : https://www.facebook.com/navintelusko\n\nFollow Navin Reddy on Instagram: https://www.instagram.com/navinreddy20\n\nSubscribe to our other channel:\nNavin Reddy : https://www.youtube.com/channel/UCxmkk8bMSOF-UBF43z-pdGQ?sub_confirmation=1\nTelusko Hindi :\nhttps://www.youtube.com/channel/UCitzw4ROeTVGRRLnCPws-cw?sub_confirmation=1\n\nSubscribe to the channel and learn Programming in easy way.\n\nJava Tutorial for Beginners : https://goo.gl/p10QfB\n\nScala Tutorials for Java Developers : https://goo.gl/8H1aE5\n\nC Tutorial Playlist : https://goo.gl/8v92pu\n\nAndroid Tutorial for Beginners Playlist : https://goo.gl/MzlIUJ\n\nXML Tutorial : https://goo.gl/Eo79do\n\nDesign Patterns in Java : https://goo.gl/Kd2MWE\n\nJava Servlet : https://goo.gl/R5nHp8\n\nHibernate Tutorial :https://goo.gl/N5ONYg \n\nSpring MVC Tutorial : https://goo.gl/9ubbG2\n\nOpenShift Tutorial for Beginners : https://goo.gl/s58BQH\n\nSpring Framework with Maven : https://goo.gl/MaEluO\n\nSql Tutorial for Beginners : https://goo.gl/x3PrTg\n\nString Handling in Java : https://goo.gl/zUdPwa\n\nArray in Java : https://goo.gl/uXTaUy\n\nSocket Programming in Java : https://goo.gl/jlMEbg\n\nException Handling in Java : https://goo.gl/N4NbAW\n\nRegards,\nNavin Reddy",
          "url": "https://i.ytimg.com/vi/Org0vh-VSgA/default.jpg",
          "thumbnails": {
            "default": {
              "url": "https://i.ytimg.com/vi/Org0vh-VSgA/default.jpg",
              "width": 120,
              "height": 90
            },
            "medium": {
              "url": "https://i.ytimg.com/vi/Org0vh-VSgA/mqdefault.jpg",
              "width": 320,
              "height": 180
            },
            "high": {
              "url": "https://i.ytimg.com/vi/Org0vh-VSgA/hqdefault.jpg",
              "width": 480,
              "height": 360
            },
            "standard": {
              "url": "https://i.ytimg.com/vi/Org0vh-VSgA/sddefault.jpg",
              "width": 640,
              "height": 480
            },
            "maxres": {
              "url": "https://i.ytimg.com/vi/Org0vh-VSgA/maxresdefault.jpg",
              "width": 1280,
              "height": 720
            }
          },
          "channelTitle": "Telusko",
          "playlistId": "PLsyeobzWxl7rooJFZhc3qPLwVROovGCfh",
          "position": 0,
          "resourceId": {
            "kind": "youtube#video",
            "videoId": "Org0vh-VSgA"
          },
          "videoOwnerChannelTitle": "Telusko",
          "videoOwnerChannelId": "UC59K-uG2A5ogwIrHw4bmlEg"
        }
      },
      {
        "kind": "youtube#playlistItem",
        "etag": "620tk5B5u-BvNez8nc9JDefT9VU",
        "id": "UExzeWVvYnpXeGw3cm9vSkZaaGMzcVBMd1ZST292R0NmaC41MjE1MkI0OTQ2QzJGNzNG",
        "snippet": {
          "publishedAt": "2017-05-19T14:59:40Z",
          "channelId": "UC59K-uG2A5ogwIrHw4bmlEg",
          "title": "#1 Kotlin Tutorial | Introduction",
          "description": "Clear your Java basics before enrolling for this course.\nJVM is portable platform and Kotlin works on JVM.\nKotlin is concise and can handle null pointer exception.\nIntelliJ IDEA is mostly preferred IDE for Kotlin.\nIn next video we will discuss about the installation of Kotlin to android studio.\n\nTrainer: Navin Reddy\n\nCheck out our website: http://www.telusko.com\n\nFollow Telusko on Twitter: https://twitter.com/navinreddy20\n\nFollow on Facebook: \nTelusko : https://www.facebook.com/teluskolearnings\nNavin Reddy : https://www.facebook.com/navintelusko\n\nFollow Navin Reddy on Instagram: https://www.instagram.com/navinreddy20\n\nSubscribe to our other channel:\nNavin Reddy : https://www.youtube.com/channel/UCxmkk8bMSOF-UBF43z-pdGQ?sub_confirmation=1\nTelusko Hindi :\nhttps://www.youtube.com/channel/UCitzw4ROeTVGRRLnCPws-cw?sub_confirmation=1\nSubscribe to the channel and learn Programming in easy way.\n\nJava Tutorial for Beginners : https://goo.gl/p10QfB\n\nScala Tutorials for Java Developers : https://goo.gl/8H1aE5\n\nC Tutorial Playlist : https://goo.gl/8v92pu\n\nAndroid Tutorial for Beginners Playlist : https://goo.gl/MzlIUJ\n\nXML Tutorial : https://goo.gl/Eo79do\n\nDesign Patterns in Java : https://goo.gl/Kd2MWE\n\nJava Servlet : https://goo.gl/R5nHp8\n\nHibernate Tutorial :https://goo.gl/N5ONYg \n\nSpring MVC Tutorial : https://goo.gl/9ubbG2\n\nOpenShift Tutorial for Beginners : https://goo.gl/s58BQH\n\nSpring Framework with Maven : https://goo.gl/MaEluO\n\nSql Tutorial for Beginners : https://goo.gl/x3PrTg\n\nString Handling in Java : https://goo.gl/zUdPwa\n\nArray in Java : https://goo.gl/uXTaUy\n\nSocket Programming in Java : https://goo.gl/jlMEbg\n\nException Handling in Java : https://goo.gl/N4NbAW\n\nRegards,\nNavin Reddy",
          "thumbnails": {
            "default": {
              "url": "https://i.ytimg.com/vi/0isrdp5meyQ/default.jpg",
              "width": 120,
              "height": 90
            },
            "medium": {
              "url": "https://i.ytimg.com/vi/0isrdp5meyQ/mqdefault.jpg",
              "width": 320,
              "height": 180
            },
            "high": {
              "url": "https://i.ytimg.com/vi/0isrdp5meyQ/hqdefault.jpg",
              "width": 480,
              "height": 360
            },
            "standard": {
              "url": "https://i.ytimg.com/vi/0isrdp5meyQ/sddefault.jpg",
              "width": 640,
              "height": 480
            }
          },
          "channelTitle": "Telusko",
          "playlistId": "PLsyeobzWxl7rooJFZhc3qPLwVROovGCfh",
          "position": 1,
          "resourceId": {
            "kind": "youtube#video",
            "videoId": "0isrdp5meyQ"
          },
          "videoOwnerChannelTitle": "Telusko",
          "videoOwnerChannelId": "UC59K-uG2A5ogwIrHw4bmlEg"
        }
      },
      {
        "kind": "youtube#playlistItem",
        "etag": "XuH2L_75V120yB1sca8nCI-3T8A",
        "id": "UExzeWVvYnpXeGw3cm9vSkZaaGMzcVBMd1ZST292R0NmaC4yODlGNEE0NkRGMEEzMEQy",
        "snippet": {
          "publishedAt": "2017-05-19T14:59:40Z",
          "channelId": "UC59K-uG2A5ogwIrHw4bmlEg",
          "title": "#2 Kotlin Tutorial | Hello World",
          "description": "Official website of Kotlin : http://kotlinlang.org/\nYou will get a auto created hello world kotlin code once you click on try online.\nBest IDE available for Kotlin is IntelliJ IDEA.\nStay tuned for more videos.\n\nTrainer: Navin Reddy\n\nGithub :- https://github.com/navinreddy20/kotlin\n\nCheck out our website: http://www.telusko.com\n\nFollow Telusko on Twitter: https://twitter.com/navinreddy20\n\nFollow on Facebook: \nTelusko : https://www.facebook.com/teluskolearnings\nNavin Reddy : https://www.facebook.com/navintelusko\n\nFollow Navin Reddy on Instagram: https://www.instagram.com/navinreddy20\n\nSubscribe to our other channel:\nNavin Reddy : https://www.youtube.com/channel/UCxmkk8bMSOF-UBF43z-pdGQ?sub_confirmation=1\nTelusko Hindi :\nhttps://www.youtube.com/channel/UCitzw4ROeTVGRRLnCPws-cw?sub_confirmation=1\n\nSubscribe to the channel and learn Programming in easy way.\n\nJava Tutorial for Beginners : https://goo.gl/p10QfB\n\nScala Tutorials for Java Developers : https://goo.gl/8H1aE5\n\nC Tutorial Playlist : https://goo.gl/8v92pu\n\nAndroid Tutorial for Beginners Playlist : https://goo.gl/MzlIUJ\n\nXML Tutorial : https://goo.gl/Eo79do\n\nDesign Patterns in Java : https://goo.gl/Kd2MWE\n\nJava Servlet : https://goo.gl/R5nHp8\n\nHibernate Tutorial :https://goo.gl/N5ONYg \n\nSpring MVC Tutorial : https://goo.gl/9ubbG2\n\nOpenShift Tutorial for Beginners : https://goo.gl/s58BQH\n\nSpring Framework with Maven : https://goo.gl/MaEluO\n\nSql Tutorial for Beginners : https://goo.gl/x3PrTg\n\nString Handling in Java : https://goo.gl/zUdPwa\n\nArray in Java : https://goo.gl/uXTaUy\n\nSocket Programming in Java : https://goo.gl/jlMEbg\n\nException Handling in Java : https://goo.gl/N4NbAW\n\nRegards,\nNavin Reddy",
          "thumbnails": {
            "default": {
              "url": "https://i.ytimg.com/vi/3C-e4dTvrSI/default.jpg",
              "width": 120,
              "height": 90
            },
            "medium": {
              "url": "https://i.ytimg.com/vi/3C-e4dTvrSI/mqdefault.jpg",
              "width": 320,
              "height": 180
            },
            "high": {
              "url": "https://i.ytimg.com/vi/3C-e4dTvrSI/hqdefault.jpg",
              "width": 480,
              "height": 360
            },
            "standard": {
              "url": "https://i.ytimg.com/vi/3C-e4dTvrSI/sddefault.jpg",
              "width": 640,
              "height": 480
            }
          },
          "channelTitle": "Telusko",
          "playlistId": "PLsyeobzWxl7rooJFZhc3qPLwVROovGCfh",
          "position": 2,
          "resourceId": {
            "kind": "youtube#video",
            "videoId": "3C-e4dTvrSI"
          },
          "videoOwnerChannelTitle": "Telusko",
          "videoOwnerChannelId": "UC59K-uG2A5ogwIrHw4bmlEg"
        }
      },
      {
        "kind": "youtube#playlistItem",
        "etag": "oIvy513EiGswTW0EL9nYRN5wSVw",
        "id": "UExzeWVvYnpXeGw3cm9vSkZaaGMzcVBMd1ZST292R0NmaC41NkI0NEY2RDEwNTU3Q0M2",
        "snippet": {
          "publishedAt": "2017-05-19T14:59:40Z",
          "channelId": "UC59K-uG2A5ogwIrHw4bmlEg",
          "title": "#3 Kotlin Tutorial | IntelliJ | Android Studio 3",
          "description": "Kotlin is inbuilt in latest version of Android studio i.e 3.\nExtension for Kotlin file is .kt\nThe difference between java and kotlin codewise is explained in the video.\nIntelliJ website : https://www.jetbrains.com/idea/\n\nTrainer: Navin Reddy\n\nGithub :- https://github.com/navinreddy20/kotlin\n\nCheck out our website: http://www.telusko.com\n\nFollow Telusko on Twitter: https://twitter.com/navinreddy20\n\nFollow on Facebook: \nTelusko : https://www.facebook.com/teluskolearnings\nNavin Reddy : https://www.facebook.com/navintelusko\n\nFollow Navin Reddy on Instagram: https://www.instagram.com/navinreddy20\n\nSubscribe to our other channel:\nNavin Reddy : https://www.youtube.com/channel/UCxmkk8bMSOF-UBF43z-pdGQ?sub_confirmation=1\nTelusko Hindi :\nhttps://www.youtube.com/channel/UCitzw4ROeTVGRRLnCPws-cw?sub_confirmation=1\n\nSubscribe to the channel and learn Programming in easy way.\n\nJava Tutorial for Beginners : https://goo.gl/p10QfB\n\nScala Tutorials for Java Developers : https://goo.gl/8H1aE5\n\nC Tutorial Playlist : https://goo.gl/8v92pu\n\nAndroid Tutorial for Beginners Playlist : https://goo.gl/MzlIUJ\n\nXML Tutorial : https://goo.gl/Eo79do\n\nDesign Patterns in Java : https://goo.gl/Kd2MWE\n\nJava Servlet : https://goo.gl/R5nHp8\n\nHibernate Tutorial :https://goo.gl/N5ONYg \n\nSpring MVC Tutorial : https://goo.gl/9ubbG2\n\nOpenShift Tutorial for Beginners : https://goo.gl/s58BQH\n\nSpring Framework with Maven : https://goo.gl/MaEluO\n\nSql Tutorial for Beginners : https://goo.gl/x3PrTg\n\nString Handling in Java : https://goo.gl/zUdPwa\n\nArray in Java : https://goo.gl/uXTaUy\n\nSocket Programming in Java : https://goo.gl/jlMEbg\n\nException Handling in Java : https://goo.gl/N4NbAW\n\nRegards,\nNavin Reddy",
          "thumbnails": {
            "default": {
              "url": "https://i.ytimg.com/vi/glX5Yx63_Vs/default.jpg",
              "width": 120,
              "height": 90
            },
            "medium": {
              "url": "https://i.ytimg.com/vi/glX5Yx63_Vs/mqdefault.jpg",
              "width": 320,
              "height": 180
            },
            "high": {
              "url": "https://i.ytimg.com/vi/glX5Yx63_Vs/hqdefault.jpg",
              "width": 480,
              "height": 360
            },
            "standard": {
              "url": "https://i.ytimg.com/vi/glX5Yx63_Vs/sddefault.jpg",
              "width": 640,
              "height": 480
            }
          },
          "channelTitle": "Telusko",
          "playlistId": "PLsyeobzWxl7rooJFZhc3qPLwVROovGCfh",
          "position": 3,
          "resourceId": {
            "kind": "youtube#video",
            "videoId": "glX5Yx63_Vs"
          },
          "videoOwnerChannelTitle": "Telusko",
          "videoOwnerChannelId": "UC59K-uG2A5ogwIrHw4bmlEg"
        }
      },
      {
        "kind": "youtube#playlistItem",
        "etag": "zlN-yzd3nRpPZuVvXBe6q7lCyO4",
        "id": "UExzeWVvYnpXeGw3cm9vSkZaaGMzcVBMd1ZST292R0NmaC4wMTcyMDhGQUE4NTIzM0Y5",
        "snippet": {
          "publishedAt": "2017-05-19T14:59:40Z",
          "channelId": "UC59K-uG2A5ogwIrHw4bmlEg",
          "title": "#4 Kotlin Tutorial | Class | Object",
          "description": "Learn Kotlin in a very easy format with better understanding with Telusko Learning.\nThis video explains Class and object for Kotlin.\nSteos for creating object :\n1: create reference\n2: create object \nIn future videos we will discuss about th importance of using kotlin class instead of java class.\nStay tuned to Telusko Learning for more videos.\n\nTrainer: Navin Reddy\n\nGithub :- https://github.com/navinreddy20/kotlin\n\nCheck out our website: http://www.telusko.com\n\nFollow Telusko on Twitter: https://twitter.com/navinreddy20\n\nFollow on Facebook: \nTelusko : https://www.facebook.com/teluskolearnings\nNavin Reddy : https://www.facebook.com/navintelusko\n\nFollow Navin Reddy on Instagram: https://www.instagram.com/navinreddy20\n\nSubscribe to our other channel:\nNavin Reddy : https://www.youtube.com/channel/UCxmkk8bMSOF-UBF43z-pdGQ?sub_confirmation=1\nTelusko Hindi :\nhttps://www.youtube.com/channel/UCitzw4ROeTVGRRLnCPws-cw?sub_confirmation=1\n\nSubscribe to the channel and learn Programming in easy way.\n\nJava Tutorial for Beginners : https://goo.gl/p10QfB\n\nScala Tutorials for Java Developers : https://goo.gl/8H1aE5\n\nC Tutorial Playlist : https://goo.gl/8v92pu\n\nAndroid Tutorial for Beginners Playlist : https://goo.gl/MzlIUJ\n\nXML Tutorial : https://goo.gl/Eo79do\n\nDesign Patterns in Java : https://goo.gl/Kd2MWE\n\nJava Servlet : https://goo.gl/R5nHp8\n\nHibernate Tutorial :https://goo.gl/N5ONYg \n\nSpring MVC Tutorial : https://goo.gl/9ubbG2\n\nOpenShift Tutorial for Beginners : https://goo.gl/s58BQH\n\nSpring Framework with Maven : https://goo.gl/MaEluO\n\nSql Tutorial for Beginners : https://goo.gl/x3PrTg\n\nString Handling in Java : https://goo.gl/zUdPwa\n\nArray in Java : https://goo.gl/uXTaUy\n\nSocket Programming in Java : https://goo.gl/jlMEbg\n\nException Handling in Java : https://goo.gl/N4NbAW\n\nRegards,\nNavin Reddy",
          "thumbnails": {
            "default": {
              "url": "https://i.ytimg.com/vi/NpveMP5869U/default.jpg",
              "width": 120,
              "height": 90
            },
            "medium": {
              "url": "https://i.ytimg.com/vi/NpveMP5869U/mqdefault.jpg",
              "width": 320,
              "height": 180
            },
            "high": {
              "url": "https://i.ytimg.com/vi/NpveMP5869U/hqdefault.jpg",
              "width": 480,
              "height": 360
            },
            "standard": {
              "url": "https://i.ytimg.com/vi/NpveMP5869U/sddefault.jpg",
              "width": 640,
              "height": 480
            }
          },
          "channelTitle": "Telusko",
          "playlistId": "PLsyeobzWxl7rooJFZhc3qPLwVROovGCfh",
          "position": 4,
          "resourceId": {
            "kind": "youtube#video",
            "videoId": "NpveMP5869U"
          },
          "videoOwnerChannelTitle": "Telusko",
          "videoOwnerChannelId": "UC59K-uG2A5ogwIrHw4bmlEg"
        }
      }
    ],
    "pageInfo": {
      "totalResults": 47,
      "resultsPerPage": 5
    }
  }
  