{
    "kind": "youtube#playlistItemListResponse",
    "etag": "7FQJww-JD3WD9BllylkHGxmV3hw",
    "nextPageToken": "EAAaBlBUOkNBVQ",
    "items": [
      {
        "kind": "youtube#playlistItem",
        "etag": "uEEL8xFpp4HnOAoXXHeMPrpc_CM",
        "id": "UExTMVF1bFdvMVJJWXQ0ZTBXbkJwLVpqQ05xOFgwRlgwSi41NkI0NEY2RDEwNTU3Q0M2",
        "snippet": {
          "publishedAt": "2018-08-27T15:54:37Z",
          "channelId": "UCs6nmQViDpUw0nuIx9c_WvA",
          "title": "Python Tutorial for Beginners 1 - Introduction to Python (For Absolute Beginners)",
          "description": "Welcome to the First Video On Python Tutorial for Beginners. In this video I am going to give you a brief Introduction to Python. \nFeel the real power of Python and programming! The course offers you a unique approach of learning how to code by solving real world problems. Throughout the course we will be understanding how to identify and formulate the problems, what is the key to a great app, we will learn how to efficiently adopt the problem for the computer and the most important that you will be writing a lot of code! The course is structured in a way that lectures are like labs where we study the material, do the quizzes, write programs and test them! The most important that you will be involved into work a lot in order to get the best experience! Learn Python at easy to understand steps.\nPython is one of top 5 programming languages today. If you want to pursue a career, this language is a must for you.\nThis course has been created for beginners.\nYou will start the training from the ground up and will get to know the python language and its potential in and out.\nIn this Python for Beginners course, Instructor will teach you how to quickly write your first program in Python! You will also learn how to create custom modules and libraries. \nTake this course now online Python course and master your skill!\nThis tutorial will include python 2.7 tutorial for beginners, python 3.7 tutorial for beginners, python tutorial for beginners with examples, python scripting tutorial. \n\n#PythonTutorialforBeginners #ProgrammingKnowledge #LearnPython #PythonCourse\n★★★Top Online Courses From ProgrammingKnowledge ★★★\nPython Programming Course ➡️ http://bit.ly/2vsuMaS ⚫️ http://bit.ly/2GOaeQB\nJava Programming Course ➡️ http://bit.ly/2GEfQMf ⚫️ http://bit.ly/2Vvjy4a\nBash Shell Scripting Course ➡️ http://bit.ly/2DBVF0C ⚫️ http://bit.ly/2UM06vF\nLinux Command Line Tutorials ➡️ http://bit.ly/2IXuil0 ⚫️ http://bit.ly/2IXukt8\nC Programming Course ➡️ http://bit.ly/2GQCiD1 ⚫️ http://bit.ly/2ZGN6ej\nC++ Programming Course ➡️ http://bit.ly/2V4oEVJ ⚫️ http://bit.ly/2XMvqMs\nPHP Programming Course ➡️ http://bit.ly/2XP71WH ⚫️ http://bit.ly/2vs3od6\nAndroid Development Course ➡️ http://bit.ly/2UHih5H ⚫️ http://bit.ly/2IMhVci\nC# Programming Course ➡️ http://bit.ly/2Vr7HEl ⚫️ http://bit.ly/2W6RXTU\nJavaFx Programming Course ➡️ http://bit.ly/2XMvZWA ⚫️ http://bit.ly/2V2CoAi\nNodeJs Programming Course ➡️ http://bit.ly/2GPg7gA ⚫️ http://bit.ly/2GQYTQ2\nJenkins Course For Developers and DevOps ➡️ http://bit.ly/2Wd4l4W ⚫️ http://bit.ly/2J1B1ug\nScala Programming Tutorial Course ➡️ http://bit.ly/2PysyA4 ⚫️ http://bit.ly/2PCaVj2\nBootstrap Responsive Web Design Tutorial ➡️ http://bit.ly/2DFQ2yC ⚫️ http://bit.ly/2VoJWwH\nMongoDB Tutorial Course ➡️ http://bit.ly/2LaCJfP ⚫️ http://bit.ly/2WaI7Ap\nQT C++ GUI Tutorial For Beginners ➡️ http://bit.ly/2vwqHSZ\n\n★★★ Online Courses to learn ★★★\nGet 2 FREE Months of Unlimited Classes from skillshare - https://skillshare.eqcm.net/r1KEj\nData Science - http://bit.ly/2lD9h5L | http://bit.ly/2lI8wIl\nMachine Learning - http://bit.ly/2WGGQpb | http://bit.ly/2GghLXX  \nArtificial Intelligence - http://bit.ly/2lYqaYx | http://bit.ly/2NmaPya\nMERN Stack E-Degree Program - http://bit.ly/2kx2NFe | http://bit.ly/2lWj4no\nDevOps E-degree - http://bit.ly/2k1PwUQ | http://bit.ly/2k8Ypfy\nData Analytics with R - http://bit.ly/2lBKqz8 | http://bit.ly/2lAjos3\nAWS Certification Training - http://bit.ly/2kmLtTu | http://bit.ly/2lAkQL1\nProjects in Java - http://bit.ly/2kzn25d | http://bit.ly/2lBMffs\nMachine Learning With TensorFlow - http://bit.ly/2m1z3AF | http://bit.ly/2lBMhnA\nAngular 8 - Complete Essential Guide - http://bit.ly/2lYvYRP\nKotlin Android Development Masterclass - http://bit.ly/2GcblsI\nLearn iOS Programming Building Advance Projects - http://bit.ly/2kyX7ue\n\n\n★★★ Follow ★★★\nMy Website - http://www.codebind.com\n\nDISCLAIMER: This video and description contains affiliate links, which means that if you click on one of the product links, I’ll receive a small commission. This help support the channel and allows us to continue to make videos like this. Thank you for the support!",
          "url": "https://i.ytimg.com/vi/mpnBNGOSplA/default.jpg",
          "thumbnails": {
            "default": {
              "url": "https://i.ytimg.com/vi/mpnBNGOSplA/default.jpg",
              "width": 120,
              "height": 90
            },
            "medium": {
              "url": "https://i.ytimg.com/vi/mpnBNGOSplA/mqdefault.jpg",
              "width": 320,
              "height": 180
            },
            "high": {
              "url": "https://i.ytimg.com/vi/mpnBNGOSplA/hqdefault.jpg",
              "width": 480,
              "height": 360
            },
            "standard": {
              "url": "https://i.ytimg.com/vi/mpnBNGOSplA/sddefault.jpg",
              "width": 640,
              "height": 480
            }
          },
          "channelTitle": "ProgrammingKnowledge",
          "playlistId": "PLS1QulWo1RIYt4e0WnBp-ZjCNq8X0FX0J",
          "position": 0,
          "resourceId": {
            "kind": "youtube#video",
            "videoId": "mpnBNGOSplA"
          },
          "videoOwnerChannelTitle": "ProgrammingKnowledge",
          "videoOwnerChannelId": "UCs6nmQViDpUw0nuIx9c_WvA"
        }
      },
      {
        "kind": "youtube#playlistItem",
        "etag": "M9aSa-20bYca4EMc2PzFYF3iEuo",
        "id": "UExTMVF1bFdvMVJJWXQ0ZTBXbkJwLVpqQ05xOFgwRlgwSi4yODlGNEE0NkRGMEEzMEQy",
        "snippet": {
          "publishedAt": "2018-08-27T20:08:49Z",
          "channelId": "UCs6nmQViDpUw0nuIx9c_WvA",
          "title": "Python Tutorial for Beginners 2 - How to Install Python 3 on Windows 10",
          "description": "Welcome to this Video On Python Tutorial for Beginners (For Absolute Beginners). In this video I an going to show How to Download and Install Python 3.6 on Windows 10. Setting up your Windows 10 System for Python is relatively easy. we Just need to follow some important steps to Install Python on Windows 10. This tutorial is  For Beginners who wants to learn How to Install Python 3.x.x.\nFeel the real power of Python and programming! The course offers you a unique approach of learning how to code by solving real world problems. Throughout the course we will be understanding how to identify and formulate the problems, what is the key to a great app, we will learn how to efficiently adopt the problem for the computer and the most important that you will be writing a lot of code! The course is structured in a way that lectures are like labs where we study the material, do the quizzes, write programs and test them! The most important that you will be involved into work a lot in order to get the best experience! Learn Python at easy to understand steps.\nPython is one of top 5 programming languages today. If you want to pursue a career, this language is a must for you.\nThis course has been created for beginners.\nYou will start the training from the ground up and will get to know the python language and its potential in and out.\nIn this Python for Beginners course, Instructor will teach you how to quickly write your first program in Python! You will also learn how to create custom modules and libraries. \nTake this course now online Python course and master your skill!\nThis tutorial will include python 2.7 tutorial for beginners, python 3.7 tutorial for beginners, python tutorial for beginners with examples, python scripting tutorial. \n\n#PythonTutorialforBeginners #ProgrammingKnowledge #LearnPython #PythonCourse\n★★★Top Online Courses From ProgrammingKnowledge ★★★\nPython Programming Course ➡️ http://bit.ly/2vsuMaS ⚫️ http://bit.ly/2GOaeQB\nJava Programming Course ➡️ http://bit.ly/2GEfQMf ⚫️ http://bit.ly/2Vvjy4a\nBash Shell Scripting Course ➡️ http://bit.ly/2DBVF0C ⚫️ http://bit.ly/2UM06vF\nLinux Command Line Tutorials ➡️ http://bit.ly/2IXuil0 ⚫️ http://bit.ly/2IXukt8\nC Programming Course ➡️ http://bit.ly/2GQCiD1 ⚫️ http://bit.ly/2ZGN6ej\nC++ Programming Course ➡️ http://bit.ly/2V4oEVJ ⚫️ http://bit.ly/2XMvqMs\nPHP Programming Course ➡️ http://bit.ly/2XP71WH ⚫️ http://bit.ly/2vs3od6\nAndroid Development Course ➡️ http://bit.ly/2UHih5H ⚫️ http://bit.ly/2IMhVci\nC# Programming Course ➡️ http://bit.ly/2Vr7HEl ⚫️ http://bit.ly/2W6RXTU\nJavaFx Programming Course ➡️ http://bit.ly/2XMvZWA ⚫️ http://bit.ly/2V2CoAi\nNodeJs Programming Course ➡️ http://bit.ly/2GPg7gA ⚫️ http://bit.ly/2GQYTQ2\nJenkins Course For Developers and DevOps ➡️ http://bit.ly/2Wd4l4W ⚫️ http://bit.ly/2J1B1ug\nScala Programming Tutorial Course ➡️ http://bit.ly/2PysyA4 ⚫️ http://bit.ly/2PCaVj2\nBootstrap Responsive Web Design Tutorial ➡️ http://bit.ly/2DFQ2yC ⚫️ http://bit.ly/2VoJWwH\nMongoDB Tutorial Course ➡️ http://bit.ly/2LaCJfP ⚫️ http://bit.ly/2WaI7Ap\nQT C++ GUI Tutorial For Beginners ➡️ http://bit.ly/2vwqHSZ\n\n★★★ Online Courses to learn ★★★\nGet 2 FREE Months of Unlimited Classes from skillshare - https://skillshare.eqcm.net/r1KEj\nData Science - http://bit.ly/2lD9h5L | http://bit.ly/2lI8wIl\nMachine Learning - http://bit.ly/2WGGQpb | http://bit.ly/2GghLXX  \nArtificial Intelligence - http://bit.ly/2lYqaYx | http://bit.ly/2NmaPya\nMERN Stack E-Degree Program - http://bit.ly/2kx2NFe | http://bit.ly/2lWj4no\nDevOps E-degree - http://bit.ly/2k1PwUQ | http://bit.ly/2k8Ypfy\nData Analytics with R - http://bit.ly/2lBKqz8 | http://bit.ly/2lAjos3\nAWS Certification Training - http://bit.ly/2kmLtTu | http://bit.ly/2lAkQL1\nProjects in Java - http://bit.ly/2kzn25d | http://bit.ly/2lBMffs\nMachine Learning With TensorFlow - http://bit.ly/2m1z3AF | http://bit.ly/2lBMhnA\nAngular 8 - Complete Essential Guide - http://bit.ly/2lYvYRP\nKotlin Android Development Masterclass - http://bit.ly/2GcblsI\nLearn iOS Programming Building Advance Projects - http://bit.ly/2kyX7ue\n\n\n★★★ Follow ★★★\nMy Website - http://www.codebind.com\n\nDISCLAIMER: This video and description contains affiliate links, which means that if you click on one of the product links, I’ll receive a small commission. This help support the channel and allows us to continue to make videos like this. Thank you for the support!",
          "thumbnails": {
            "default": {
              "url": "https://i.ytimg.com/vi/rVb1TqqbPj0/default.jpg",
              "width": 120,
              "height": 90
            },
            "medium": {
              "url": "https://i.ytimg.com/vi/rVb1TqqbPj0/mqdefault.jpg",
              "width": 320,
              "height": 180
            },
            "high": {
              "url": "https://i.ytimg.com/vi/rVb1TqqbPj0/hqdefault.jpg",
              "width": 480,
              "height": 360
            },
            "standard": {
              "url": "https://i.ytimg.com/vi/rVb1TqqbPj0/sddefault.jpg",
              "width": 640,
              "height": 480
            }
          },
          "channelTitle": "ProgrammingKnowledge",
          "playlistId": "PLS1QulWo1RIYt4e0WnBp-ZjCNq8X0FX0J",
          "position": 1,
          "resourceId": {
            "kind": "youtube#video",
            "videoId": "rVb1TqqbPj0"
          },
          "videoOwnerChannelTitle": "ProgrammingKnowledge",
          "videoOwnerChannelId": "UCs6nmQViDpUw0nuIx9c_WvA"
        }
      },
      {
        "kind": "youtube#playlistItem",
        "etag": "mlfQ40P59rmvmgIHvtAOz6uFplg",
        "id": "UExTMVF1bFdvMVJJWXQ0ZTBXbkJwLVpqQ05xOFgwRlgwSi4wMTcyMDhGQUE4NTIzM0Y5",
        "snippet": {
          "publishedAt": "2018-08-28T00:25:31Z",
          "channelId": "UCs6nmQViDpUw0nuIx9c_WvA",
          "title": "Python Tutorial for Beginners 3 - Basic Math, Mathematical Operators and Python Expressions",
          "description": "In this Video I am going to show How to Use Basic Math, Mathematical Operators and Python Expressions In python.\nSo  what is an expression ? An expression is A data value or set of operations to compute a value.\nArithmetic operators we will use:\n+ - * /  addition, subtraction/negation, multiplication, division\n%    modulus, a.k.a. remainder\n**   exponentiation\nprecedence: Order in which operations are computed. \n\nMathematical Operators\nHere are some commonly used mathematical operators\n\nSyntax Math Operation Name\na+b {\\displaystyle a+b\\,} a+b\\, addition\na-b {\\displaystyle a-b\\,} a-b\\, subtraction\na*b {\\displaystyle a\\times b\\,} a\\times b\\, multiplication\na/b {\\displaystyle a\\div b\\,} a\\div b\\, division (see note below)\na//b {\\displaystyle \\lfloor a\\div b\\,\\rfloor } \\lfloor a\\div b\\,\\rfloor  floor division (e.g. 5//2=2) - Available in Python 2.2 and later\na%b {\\displaystyle a~{\\bmod {~}}b\\,} a~{\\bmod  ~}b\\, modulo\n-a {\\displaystyle -a\\,} -a\\, negation\nabs(a) {\\displaystyle |a|\\,} |a|\\, absolute value\na**b {\\displaystyle a^{b}\\,} a^{b}\\, exponent\n\nOrder of Operations (Python Operator Precedence)\nHighest precedence at top, lowest at bottom.Operators in the same box evaluate left to right..\n\nName               Syntax             PEMDAS Mnemonic\nParentheses       ( ... )                Please\nExponents        **                Excuse\nMultiplication \nand Division       * , / , // , % My Dear\nAddition\nand Subtraction + , -            Aunt Sally\n\n\n#PythonTutorialforBeginners #ProgrammingKnowledge #LearnPython #PythonCourse\n★★★Top Online Courses From ProgrammingKnowledge ★★★\nPython Programming Course ➡️ http://bit.ly/2vsuMaS ⚫️ http://bit.ly/2GOaeQB\nJava Programming Course ➡️ http://bit.ly/2GEfQMf ⚫️ http://bit.ly/2Vvjy4a\nBash Shell Scripting Course ➡️ http://bit.ly/2DBVF0C ⚫️ http://bit.ly/2UM06vF\nLinux Command Line Tutorials ➡️ http://bit.ly/2IXuil0 ⚫️ http://bit.ly/2IXukt8\nC Programming Course ➡️ http://bit.ly/2GQCiD1 ⚫️ http://bit.ly/2ZGN6ej\nC++ Programming Course ➡️ http://bit.ly/2V4oEVJ ⚫️ http://bit.ly/2XMvqMs\nPHP Programming Course ➡️ http://bit.ly/2XP71WH ⚫️ http://bit.ly/2vs3od6\nAndroid Development Course ➡️ http://bit.ly/2UHih5H ⚫️ http://bit.ly/2IMhVci\nC# Programming Course ➡️ http://bit.ly/2Vr7HEl ⚫️ http://bit.ly/2W6RXTU\nJavaFx Programming Course ➡️ http://bit.ly/2XMvZWA ⚫️ http://bit.ly/2V2CoAi\nNodeJs Programming Course ➡️ http://bit.ly/2GPg7gA ⚫️ http://bit.ly/2GQYTQ2\nJenkins Course For Developers and DevOps ➡️ http://bit.ly/2Wd4l4W ⚫️ http://bit.ly/2J1B1ug\nScala Programming Tutorial Course ➡️ http://bit.ly/2PysyA4 ⚫️ http://bit.ly/2PCaVj2\nBootstrap Responsive Web Design Tutorial ➡️ http://bit.ly/2DFQ2yC ⚫️ http://bit.ly/2VoJWwH\nMongoDB Tutorial Course ➡️ http://bit.ly/2LaCJfP ⚫️ http://bit.ly/2WaI7Ap\nQT C++ GUI Tutorial For Beginners ➡️ http://bit.ly/2vwqHSZ\n\n★★★ Online Courses to learn ★★★\nGet 2 FREE Months of Unlimited Classes from skillshare - https://skillshare.eqcm.net/r1KEj\nData Science - http://bit.ly/2lD9h5L | http://bit.ly/2lI8wIl\nMachine Learning - http://bit.ly/2WGGQpb | http://bit.ly/2GghLXX  \nArtificial Intelligence - http://bit.ly/2lYqaYx | http://bit.ly/2NmaPya\nMERN Stack E-Degree Program - http://bit.ly/2kx2NFe | http://bit.ly/2lWj4no\nDevOps E-degree - http://bit.ly/2k1PwUQ | http://bit.ly/2k8Ypfy\nData Analytics with R - http://bit.ly/2lBKqz8 | http://bit.ly/2lAjos3\nAWS Certification Training - http://bit.ly/2kmLtTu | http://bit.ly/2lAkQL1\nProjects in Java - http://bit.ly/2kzn25d | http://bit.ly/2lBMffs\nMachine Learning With TensorFlow - http://bit.ly/2m1z3AF | http://bit.ly/2lBMhnA\nAngular 8 - Complete Essential Guide - http://bit.ly/2lYvYRP\nKotlin Android Development Masterclass - http://bit.ly/2GcblsI\nLearn iOS Programming Building Advance Projects - http://bit.ly/2kyX7ue\n\n\n★★★ Follow ★★★\nMy Website - http://www.codebind.com\n\nDISCLAIMER: This video and description contains affiliate links, which means that if you click on one of the product links, I’ll receive a small commission. This help support the channel and allows us to continue to make videos like this. Thank you for the support!",
          "thumbnails": {
            "default": {
              "url": "https://i.ytimg.com/vi/Os4gZUI1ZlM/default.jpg",
              "width": 120,
              "height": 90
            },
            "medium": {
              "url": "https://i.ytimg.com/vi/Os4gZUI1ZlM/mqdefault.jpg",
              "width": 320,
              "height": 180
            },
            "high": {
              "url": "https://i.ytimg.com/vi/Os4gZUI1ZlM/hqdefault.jpg",
              "width": 480,
              "height": 360
            },
            "standard": {
              "url": "https://i.ytimg.com/vi/Os4gZUI1ZlM/sddefault.jpg",
              "width": 640,
              "height": 480
            }
          },
          "channelTitle": "ProgrammingKnowledge",
          "playlistId": "PLS1QulWo1RIYt4e0WnBp-ZjCNq8X0FX0J",
          "position": 2,
          "resourceId": {
            "kind": "youtube#video",
            "videoId": "Os4gZUI1ZlM"
          },
          "videoOwnerChannelTitle": "ProgrammingKnowledge",
          "videoOwnerChannelId": "UCs6nmQViDpUw0nuIx9c_WvA"
        }
      },
      {
        "kind": "youtube#playlistItem",
        "etag": "NvTWcawldvR9JquLVFPK3kKElYE",
        "id": "UExTMVF1bFdvMVJJWXQ0ZTBXbkJwLVpqQ05xOFgwRlgwSi41MjE1MkI0OTQ2QzJGNzNG",
        "snippet": {
          "publishedAt": "2018-08-28T13:58:36Z",
          "channelId": "UCs6nmQViDpUw0nuIx9c_WvA",
          "title": "Python Tutorial for Beginners 4 - Python Variables and Types",
          "description": "In this Python Tutorial for Beginners Video I am going to show How to use Python Variables and Types. I  will show How to declare variable, How to use Variable, How to Type cast variables In Python.\nSo what is a Variable ? A variable is a named place in the memory where a we can store data and later retrieve the data using the variable “name”. we get to choose the names of the variables. Also we can change the contents of a variable in a later statement.\n\nAs we discussed Python Introduction Video, that Python is completely object oriented and not \"statically typed\" i.e. Python is dynamically typed language.  So we do not need to declare \n variables before using them . In addition we don't need to declare the variable type type.  Every variable in Python is an object.\n\nPython Variable Name Rules\nVariable Must start with a letter or underscore _\nVariable Must consist of letters and numbers and underscores\nVariable  are Case Sensitive\nGood: name age tom25 _max\nBad: 45name #name age.22\nDifferent: name Name NAME\n\nReserved Words\nIt is not allowed to use reserved words as variable names / identifiers\nand del for is raise\nassert elif from lambda return\nbreak else global not try\nclass except if or while\ncontinue exec import pass yield\ndef ﬁnally in print\n\n#PythonTutorialforBeginners #ProgrammingKnowledge #LearnPython #PythonCourse\n★★★Top Online Courses From ProgrammingKnowledge ★★★\nPython Programming Course ➡️ http://bit.ly/2vsuMaS ⚫️ http://bit.ly/2GOaeQB\nJava Programming Course ➡️ http://bit.ly/2GEfQMf ⚫️ http://bit.ly/2Vvjy4a\nBash Shell Scripting Course ➡️ http://bit.ly/2DBVF0C ⚫️ http://bit.ly/2UM06vF\nLinux Command Line Tutorials ➡️ http://bit.ly/2IXuil0 ⚫️ http://bit.ly/2IXukt8\nC Programming Course ➡️ http://bit.ly/2GQCiD1 ⚫️ http://bit.ly/2ZGN6ej\nC++ Programming Course ➡️ http://bit.ly/2V4oEVJ ⚫️ http://bit.ly/2XMvqMs\nPHP Programming Course ➡️ http://bit.ly/2XP71WH ⚫️ http://bit.ly/2vs3od6\nAndroid Development Course ➡️ http://bit.ly/2UHih5H ⚫️ http://bit.ly/2IMhVci\nC# Programming Course ➡️ http://bit.ly/2Vr7HEl ⚫️ http://bit.ly/2W6RXTU\nJavaFx Programming Course ➡️ http://bit.ly/2XMvZWA ⚫️ http://bit.ly/2V2CoAi\nNodeJs Programming Course ➡️ http://bit.ly/2GPg7gA ⚫️ http://bit.ly/2GQYTQ2\nJenkins Course For Developers and DevOps ➡️ http://bit.ly/2Wd4l4W ⚫️ http://bit.ly/2J1B1ug\nScala Programming Tutorial Course ➡️ http://bit.ly/2PysyA4 ⚫️ http://bit.ly/2PCaVj2\nBootstrap Responsive Web Design Tutorial ➡️ http://bit.ly/2DFQ2yC ⚫️ http://bit.ly/2VoJWwH\nMongoDB Tutorial Course ➡️ http://bit.ly/2LaCJfP ⚫️ http://bit.ly/2WaI7Ap\nQT C++ GUI Tutorial For Beginners ➡️ http://bit.ly/2vwqHSZ\n\n★★★ Online Courses to learn ★★★\nGet 2 FREE Months of Unlimited Classes from skillshare - https://skillshare.eqcm.net/r1KEj\nData Science - http://bit.ly/2lD9h5L | http://bit.ly/2lI8wIl\nMachine Learning - http://bit.ly/2WGGQpb | http://bit.ly/2GghLXX  \nArtificial Intelligence - http://bit.ly/2lYqaYx | http://bit.ly/2NmaPya\nMERN Stack E-Degree Program - http://bit.ly/2kx2NFe | http://bit.ly/2lWj4no\nDevOps E-degree - http://bit.ly/2k1PwUQ | http://bit.ly/2k8Ypfy\nData Analytics with R - http://bit.ly/2lBKqz8 | http://bit.ly/2lAjos3\nAWS Certification Training - http://bit.ly/2kmLtTu | http://bit.ly/2lAkQL1\nProjects in Java - http://bit.ly/2kzn25d | http://bit.ly/2lBMffs\nMachine Learning With TensorFlow - http://bit.ly/2m1z3AF | http://bit.ly/2lBMhnA\nAngular 8 - Complete Essential Guide - http://bit.ly/2lYvYRP\nKotlin Android Development Masterclass - http://bit.ly/2GcblsI\nLearn iOS Programming Building Advance Projects - http://bit.ly/2kyX7ue\n\n\n★★★ Follow ★★★\nMy Website - http://www.codebind.com\n\nDISCLAIMER: This video and description contains affiliate links, which means that if you click on one of the product links, I’ll receive a small commission. This help support the channel and allows us to continue to make videos like this. Thank you for the support!",
          "thumbnails": {
            "default": {
              "url": "https://i.ytimg.com/vi/OOvzRzS_eZs/default.jpg",
              "width": 120,
              "height": 90
            },
            "medium": {
              "url": "https://i.ytimg.com/vi/OOvzRzS_eZs/mqdefault.jpg",
              "width": 320,
              "height": 180
            },
            "high": {
              "url": "https://i.ytimg.com/vi/OOvzRzS_eZs/hqdefault.jpg",
              "width": 480,
              "height": 360
            },
            "standard": {
              "url": "https://i.ytimg.com/vi/OOvzRzS_eZs/sddefault.jpg",
              "width": 640,
              "height": 480
            }
          },
          "channelTitle": "ProgrammingKnowledge",
          "playlistId": "PLS1QulWo1RIYt4e0WnBp-ZjCNq8X0FX0J",
          "position": 3,
          "resourceId": {
            "kind": "youtube#video",
            "videoId": "OOvzRzS_eZs"
          },
          "videoOwnerChannelTitle": "ProgrammingKnowledge",
          "videoOwnerChannelId": "UCs6nmQViDpUw0nuIx9c_WvA"
        }
      },
      {
        "kind": "youtube#playlistItem",
        "etag": "_fL7Srkxl5ntfc_jaC2OzKaWNY0",
        "id": "UExTMVF1bFdvMVJJWXQ0ZTBXbkJwLVpqQ05xOFgwRlgwSi4wOTA3OTZBNzVEMTUzOTMy",
        "snippet": {
          "publishedAt": "2018-08-28T20:11:11Z",
          "channelId": "UCs6nmQViDpUw0nuIx9c_WvA",
          "title": "Python Tutorial for Beginners 5 - Python print() and input() Function",
          "description": "In this Video I am going to show How to use print() Function and input() Function in Python.  In python The print() function is used to  print the specified message to the The console or terminal, or other standard output device. The input function in python is used to take user input.The input function then reads a line from input, converts it to a string (stripping a trailing newline), and returns that.\nPython also support C-style string formatting in order to create a new formatted strings.\n\n%s - String (\n%d - Integers\n%f - Floating point numbers\n%.(number of decimal places)f - Floating point numbers\n\n\n#PythonTutorialforBeginners #ProgrammingKnowledge #LearnPython #PythonCourse\n★★★Top Online Courses From ProgrammingKnowledge ★★★\nPython Programming Course ➡️ http://bit.ly/2vsuMaS ⚫️ http://bit.ly/2GOaeQB\nJava Programming Course ➡️ http://bit.ly/2GEfQMf ⚫️ http://bit.ly/2Vvjy4a\nBash Shell Scripting Course ➡️ http://bit.ly/2DBVF0C ⚫️ http://bit.ly/2UM06vF\nLinux Command Line Tutorials ➡️ http://bit.ly/2IXuil0 ⚫️ http://bit.ly/2IXukt8\nC Programming Course ➡️ http://bit.ly/2GQCiD1 ⚫️ http://bit.ly/2ZGN6ej\nC++ Programming Course ➡️ http://bit.ly/2V4oEVJ ⚫️ http://bit.ly/2XMvqMs\nPHP Programming Course ➡️ http://bit.ly/2XP71WH ⚫️ http://bit.ly/2vs3od6\nAndroid Development Course ➡️ http://bit.ly/2UHih5H ⚫️ http://bit.ly/2IMhVci\nC# Programming Course ➡️ http://bit.ly/2Vr7HEl ⚫️ http://bit.ly/2W6RXTU\nJavaFx Programming Course ➡️ http://bit.ly/2XMvZWA ⚫️ http://bit.ly/2V2CoAi\nNodeJs Programming Course ➡️ http://bit.ly/2GPg7gA ⚫️ http://bit.ly/2GQYTQ2\nJenkins Course For Developers and DevOps ➡️ http://bit.ly/2Wd4l4W ⚫️ http://bit.ly/2J1B1ug\nScala Programming Tutorial Course ➡️ http://bit.ly/2PysyA4 ⚫️ http://bit.ly/2PCaVj2\nBootstrap Responsive Web Design Tutorial ➡️ http://bit.ly/2DFQ2yC ⚫️ http://bit.ly/2VoJWwH\nMongoDB Tutorial Course ➡️ http://bit.ly/2LaCJfP ⚫️ http://bit.ly/2WaI7Ap\nQT C++ GUI Tutorial For Beginners ➡️ http://bit.ly/2vwqHSZ\n\n★★★ Online Courses to learn ★★★\nGet 2 FREE Months of Unlimited Classes from skillshare - https://skillshare.eqcm.net/r1KEj\nData Science - http://bit.ly/2lD9h5L | http://bit.ly/2lI8wIl\nMachine Learning - http://bit.ly/2WGGQpb | http://bit.ly/2GghLXX  \nArtificial Intelligence - http://bit.ly/2lYqaYx | http://bit.ly/2NmaPya\nMERN Stack E-Degree Program - http://bit.ly/2kx2NFe | http://bit.ly/2lWj4no\nDevOps E-degree - http://bit.ly/2k1PwUQ | http://bit.ly/2k8Ypfy\nData Analytics with R - http://bit.ly/2lBKqz8 | http://bit.ly/2lAjos3\nAWS Certification Training - http://bit.ly/2kmLtTu | http://bit.ly/2lAkQL1\nProjects in Java - http://bit.ly/2kzn25d | http://bit.ly/2lBMffs\nMachine Learning With TensorFlow - http://bit.ly/2m1z3AF | http://bit.ly/2lBMhnA\nAngular 8 - Complete Essential Guide - http://bit.ly/2lYvYRP\nKotlin Android Development Masterclass - http://bit.ly/2GcblsI\nLearn iOS Programming Building Advance Projects - http://bit.ly/2kyX7ue\n\n\n★★★ Follow ★★★\nMy Website - http://www.codebind.com\n\nDISCLAIMER: This video and description contains affiliate links, which means that if you click on one of the product links, I’ll receive a small commission. This help support the channel and allows us to continue to make videos like this. Thank you for the support!",
          "thumbnails": {
            "default": {
              "url": "https://i.ytimg.com/vi/AovxLr8jUH4/default.jpg",
              "width": 120,
              "height": 90
            },
            "medium": {
              "url": "https://i.ytimg.com/vi/AovxLr8jUH4/mqdefault.jpg",
              "width": 320,
              "height": 180
            },
            "high": {
              "url": "https://i.ytimg.com/vi/AovxLr8jUH4/hqdefault.jpg",
              "width": 480,
              "height": 360
            },
            "standard": {
              "url": "https://i.ytimg.com/vi/AovxLr8jUH4/sddefault.jpg",
              "width": 640,
              "height": 480
            }
          },
          "channelTitle": "ProgrammingKnowledge",
          "playlistId": "PLS1QulWo1RIYt4e0WnBp-ZjCNq8X0FX0J",
          "position": 4,
          "resourceId": {
            "kind": "youtube#video",
            "videoId": "AovxLr8jUH4"
          },
          "videoOwnerChannelTitle": "ProgrammingKnowledge",
          "videoOwnerChannelId": "UCs6nmQViDpUw0nuIx9c_WvA"
        }
      }
    ],
    "pageInfo": {
      "totalResults": 197,
      "resultsPerPage": 5
    }
  }
  